PitchNo,Date,PAofInning,PitchofPA,PitcherId,PitcherThrows,PitcherTeam,BatterId,BatterSide,BatterTeam,Inning,Top/Bottom,Outs,Balls,Strikes,Count,TaggedPitchType,AutoPitchType,PitchCall,KorBB,TaggedHitType,AutoHitType,PlayResult,OutsOnPlay,RunsScored,RelSpeed,VertRelAngle,HorzRelAngle,SpinRate,SpinAxis,Tilt,RelHeight,RelSide,Extension,VertBreak,InducedVertBreak,HorzBreak,PlateLocHeight,PlateLocSide,ZoneSpeed,VertApprAngle,HorzApprAngle,ZoneTime,ExitSpeed,Angle,Direction,HitSpinRate,PositionAt110X,PositionAt110Y,PositionAt110Z,Distance,LastTrackedDistance,Bearing,HangTime,pfxx,pfxz,x0,y0,z0,vx0,vy0,vz0,ax0,ay0,az0,EffectiveVelo,MaxHeight,SpeedDrop,ContactPositionX,ContactPositionY,ContactPositionZ,CatcherId,CatcherThrows,PitchTrajectoryXc0,PitchTrajectoryXc1,PitchTrajectoryXc2,PitchTrajectoryYc0,PitchTrajectoryYc1,PitchTrajectoryYc2,PitchTrajectoryZc0,PitchTrajectoryZc1,PitchTrajectoryZc2,HitSpinAxis,HitTrajectoryXc0,HitTrajectoryXc1,HitTrajectoryXc2,HitTrajectoryXc3,HitTrajectoryXc4,HitTrajectoryXc5,HitTrajectoryXc6,HitTrajectoryXc7,HitTrajectoryXc8,HitTrajectoryYc0,HitTrajectoryYc1,HitTrajectoryYc2,HitTrajectoryYc3,HitTrajectoryYc4,HitTrajectoryYc5,HitTrajectoryYc6,HitTrajectoryYc7,HitTrajectoryYc8,HitTrajectoryZc0,HitTrajectoryZc1,HitTrajectoryZc2,HitTrajectoryZc3,HitTrajectoryZc4,HitTrajectoryZc5,HitTrajectoryZc6,HitTrajectoryZc7,HitTrajectoryZc8,ThrowSpeed,PopTime,ExchangeTime,TimeToBase,CatchPositionX,CatchPositionY,CatchPositionZ,ThrowPositionX,ThrowPositionY,ThrowPositionZ,BasePositionX,BasePositionY,BasePositionZ,ThrowTrajectoryXc0,ThrowTrajectoryXc1,ThrowTrajectoryXc2,ThrowTrajectoryYc0,ThrowTrajectoryYc1,ThrowTrajectoryYc2,ThrowTrajectoryZc0,ThrowTrajectoryZc1,ThrowTrajectoryZc2,PitchReleaseConfidence,PitchLocationConfidence,PitchMovementConfidence,HitLaunchConfidence,HitLandingConfidence,CatcherThrowCatchConfidence,CatcherThrowReleaseConfidence,CatcherThrowLocationConfidence,System
1,2/6/2023,1,1,1000036209,Right,T_A,8886045,Left,T_B,1,Top,0,0,0,0-0,Slider,Slider,BallCalled,Undefined,Undefined,,Undefined,0,0,87.90492,0.530325,-1.123409,2938.339654,67.030412,8:15,6.03447,1.11556,4.55729,-39.00502,-1.48449,-5.90965,3.28891,-0.44628,81.52864,-6.449838,-2.158722,0.440865,,,,,,,,,,,,2.62725,-0.56449,-0.99299,50,6.0525,2.78436,-127.67598,-0.4804,4.39484,22.98349,-33.11835,85.49653,,6.37628,,,,1000055344,Right,55.94418,-128.74157,11.49175,6.03918,1.05507,-16.55917,-1.11736,2.58061,2.19742,,,,,,,,,,,,,,,,,,,,,,,,,,,,,,,,,,,,,,,,,,,,,,,,,,,High,High,High,,,,,,v3
2,2/6/2023,1,2,1000036209,Right,T_A,8886045,Left,T_B,1,Top,0,1,0,1-0,Slider,Slider,FoulBall,Undefined,Undefined,,Undefined,0,0,86.68399,-0.172984,-1.451391,2929.473031,15.400655,6:30,6.06212,1.10402,4.21368,-44.45341,-5.40614,-1.7778,2.19194,-0.43453,80.69754,-8.042089,-1.761224,0.449745,,,,,,,,,,,,0.52409,-2.36843,-0.94258,50,5.99584,3.2737,-125.88038,-2.32444,0.85278,22.18393,-36.0278,83.80838,,5.98644,,,,1000055344,Right,56.28949,-126.98395,11.09197,6.06689,-0.5322,-18.0139,-1.10437,3.23128,0.42639,,,,,,,,,,,,,,,,,,,,,,,,,,,,,,,,,,,,,,,,,,,,,,,,,,,High,High,High,,,,,,v3
3,2/6/2023,1,3,1000036209,Right,T_A,8886045,Left,T_B,1,Top,0,1,1,1-1,Fastball,Cutter,StrikeCalled,Undefined,Undefined,,Undefined,0,0,91.12479,-1.663087,-1.946831,2644.434294,189.468127,12:15,6.26693,0.81464,4.65917,-24.21738,10.95442,1.64532,2.66753,-0.89845,83.62712,-6.070307,-1.658289,0.426843,,,,,,,,,,,,-1.32417,6.13154,-0.61746,50,6.0755,4.40799,-132.06957,-4.82551,-2.34843,27.03997,-21.29968,88.30507,,7.49767,,,,1000055344,Right,55.83905,-133.2597,13.51999,6.26725,-3.88803,-10.64984,-0.81374,4.51136,-1.17421,,,,,,,,,,,,,,,,,,,,,,,,,,,,,,,,,,,,,,,,,,,,,,,,,,,High,High,High,,,,,,v3
4,2/6/2023,1,4,1000036209,Right,T_A,8886045,Left,T_B,1,Top,0,2,1,2-1,Slider,Slider,FoulBall,Undefined,Undefined,GroundBall,Undefined,0,0,86.7858,0.636088,-0.755359,2913.085331,1.917617,6:00,5.94355,1.09731,4.24511,-43.7927,-4.50622,-0.19047,2.90312,0.35834,79.8299,-7.162564,-0.788566,0.451121,23.75909,-21.02701,117.064211,,,,,6.79811,2.28268,101.816605,0.239543,-0.10886,-2.05382,-1.01454,50,5.96724,1.66888,-125.8827,-0.51828,-0.17535,24.60718,-35.48267,83.55283,3.11105,6.9559,2.29039,3.11105,-0.5533,1000055344,Right,56.25603,-127.09973,12.30359,5.94948,1.23662,-17.74134,-1.09729,1.67756,-0.08768,,2.31251,-15.37302,,,,,,,,3.12974,-12.98816,,,,,,,,-0.5966,30.08784,,,,,,,,,,,,,,,,,,,,,,,,,,,,,,High,High,High,Low,Low,,,,v3
5,2/6/2023,1,5,1000036209,Right,T_A,8886045,Left,T_B,1,Top,0,1,2,1-2,Fastball,Changeup,InPlay,Undefined,FlyBall,Popup,Out,1,0,88.84857,-1.630777,-1.670316,1612.074645,237.340674,2:00,6.01969,1.16479,4.41016,-26.4706,10.80379,15.07013,2.2564,0.82613,81.66313,-6.418037,0.962886,0.439417,67.68266,55.60523,-28.927822,,83.89369,85.54729,-71.14642,189.35154,189.35154,-43.64202,4.596289,-7.84433,6.00126,-1.00302,50,5.82051,3.03015,-128.81474,-4.76218,-13.24344,25.55823,-22.04221,85.77834,86.49849,7.18543,3.50979,2.56577,-0.80999,1000055344,Right,56.09074,-130.0176,12.77912,6.02022,-3.7248,-11.02111,-1.1603,3.65343,-6.62172,146.120323,3.51385,48.97315,-11.87825,2.71261,0.20533,-0.39257,0.12867,-0.0187,0.00104,2.56207,81.98554,-23.59812,2.49812,-0.52958,0.07032,0.00512,-0.00303,0.00026,-0.80811,-27.17375,-1.93609,0.60198,0.19484,-0.20724,0.06757,-0.01003,0.00057,,,,,,,,,,,,,,,,,,,,,,,High,High,High,High,Low,,,,v3
6,2/6/2023,2,1,1000036209,Right,T_A,1000058463,Right,T_B,1,Top,1,0,0,0-0,Fastball,Four-Seam,InPlay,Undefined,GroundBall,GroundBall,Single,0,0,92.53164,-3.171664,-2.210704,2536.424076,204.318487,12:45,6.2313,0.86492,4.68544,-17.30572,16.88721,7.13756,1.77221,-0.64047,84.76461,-6.36519,-0.958768,0.420862,87.90855,-12.949209,-4.885624,,,,,8.34405,8.34405,0.854498,0.056712,-4.10894,9.46516,-0.64708,50,5.8937,4.81638,-133.94015,-8.08961,-7.48599,28.14375,-14.92966,89.5601,1.64078,7.76703,1.2332,1.64078,0.73218,1000055344,Right,55.81341,-135.15615,14.07188,6.22929,-7.44454,-7.46483,-0.86217,5.13983,-3.74299,180,1.23162,125.36982,,,,,,,,1.64114,-28.93199,,,,,,,,0.73231,-10.7163,,,,,,,,,,,,,,,,,,,,,,,,,,,,,,High,High,High,Low,Low,,,,v3
7,2/6/2023,3,1,1000036209,Right,T_A,1000051968,Left,T_B,1,Top,1,0,0,0-0,Slider,Slider,StrikeSwinging,Undefined,Undefined,,Undefined,0,0,87.11851,-2.543803,-1.105505,2740.533587,71.243357,8:15,6.11489,1.0284,4.78016,-37.58758,1.15091,-0.46295,0.56932,-0.05821,79.64072,-9.302155,-1.187113,0.447964,,,,,,,,,,,,-0.10441,1.71807,-0.91746,50,5.82773,2.45553,-126.12579,-7.13236,-0.16688,27.50707,-29.428,84.14175,,7.47779,,,,1000055344,Right,55.71768,-127.36667,13.75353,6.11954,-5.80483,-14.714,-1.02841,2.46306,-0.08344,,,,,,,,,,,,,,,,,,,,,,,,,,,,,,,,,,,,,,,,,,,,,,,,,,,High,High,High,,,,,,v3
8,2/6/2023,3,2,1000036209,Right,T_A,1000051968,Left,T_B,1,Top,1,0,1,0-1,Slider,Slider,InPlay,Undefined,GroundBall,GroundBall,Double,0,0,87.94255,-1.48462,-1.209233,2750.361936,241.603286,2:00,6.15762,1.09924,4.80729,-35.44628,2.3111,2.00925,1.79658,0.12087,80.50816,-7.884478,-0.855214,0.442255,86.62108,4.505844,37.105441,3729.295114,,,,67.42519,65.87758,37.990526,0.554051,-1.35437,1.8487,-0.98081,50,5.97902,2.5997,-127.50075,-4.73289,-2.2206,27.18582,-29.14292,85.22791,3.04271,7.43439,3.7914,2.08616,-0.2408,1000055344,Right,55.69326,-128.70895,13.59291,6.16058,-3.43772,-14.57146,-1.09854,2.69839,-1.1103,,3.7914,101.00786,-24.29041,5.58929,-1.30123,0.26115,-0.05546,0.01336,-0.00286,2.08616,9.98068,-26.75803,3.9485,-0.87253,0.18532,-0.03871,0.0089,-0.00166,-0.2408,76.40673,-0.75791,-2.62165,1.11754,-0.37461,0.105,-0.0244,0.00302,,,,,,,,,,,,,,,,,,,,,,,High,High,High,High,High,,,,v3
9,2/6/2023,4,1,1000036209,Right,T_A,1000187798,Right,T_B,1,Top,1,0,0,0-0,Slider,Slider,InPlay,Undefined,GroundBall,GroundBall,FieldersChoice,1,0,88.87543,-1.868884,-1.704251,2592.090835,173.35493,11:45,6.07516,1.28944,4.96068,-31.54777,5.57453,-0.4965,1.67918,-0.36248,80.60614,-7.615377,-1.791908,0.438519,57.75603,-52.940938,-34.365061,,,,,2.89181,1.82472,-7.64018,0.025427,-0.28992,3.71103,-1.12399,50,5.86848,3.85126,-128.65974,-5.44365,-0.47984,29.8505,-26.03248,85.95386,1.72531,8.2693,1.79065,1.72531,0.35097,1000055344,Right,55.53678,-129.93798,14.92525,6.07771,-4.32889,-13.01624,-1.28935,3.8718,-0.23992,,1.79,42.29705,,,,,,,,1.72635,-67.85308,,,,,,,,0.35141,-28.92352,,,,,,,,,,,,,,,,,,,,,,,,,,,,,,High,High,High,Estimated,Estimated,,,,v3
10,2/6/2023,5,1,1000036209,Right,T_A,1000049656,Left,T_B,1,Top,2,0,0,0-0,Fastball,Four-Seam,BallCalled,Undefined,Undefined,,Undefined,0,0,90.89012,-7.168461,-2.346728,2388.656351,208.754495,1:00,6.21646,1.23514,5.42649,-15.53422,19.46044,10.0239,-1.833,-0.12872,83.32262,-10.05462,-0.563755,0.425767,,,,,,,,,,,,-5.88,12.31973,-1.03461,50,5.56684,4.94332,-130.89967,-16.98712,-10.17647,28.2826,-10.85242,88.52825,,7.5675,,,,1000055344,Right,55.07609,-131.99187,14.1413,6.21475,-16.56803,-5.42621,-1.23309,5.33631,-5.08824,,,,,,,,,,,,,,,,,,,,,,,,,,,,,,,,,,,,,,,,,,,,,,,,,,,High,High,High,,,,,,v3
11,2/6/2023,5,2,1000036209,Right,T_A,1000049656,Left,T_B,1,Top,2,1,0,1-0,Slider,Slider,StrikeSwinging,Undefined,Undefined,,Undefined,0,0,88.71291,-2.31655,-0.830742,2722.665503,205.579238,12:45,6.11759,1.00045,4.76097,-32.96195,4.24059,1.44874,1.17273,0.33339,81.24619,-8.263376,-0.575603,0.438993,,,,,,,,,,,,-0.94807,3.11831,-0.91847,50,5.85639,1.79401,-128.51311,-6.5526,-1.5811,27.32802,-26.97365,85.86112,,7.46672,,,,1000055344,Right,55.73662,-129.72726,13.66401,6.12089,-5.3542,-13.48682,-0.99973,1.86426,-0.79055,,,,,,,,,,,,,,,,,,,,,,,,,,,,,,,,,,,,,,,,,,,,,,,,,,,High,High,High,,,,,,v3
12,2/6/2023,5,3,1000036209,Right,T_A,1000049656,Left,T_B,1,Top,2,1,1,1-1,Slider,Slider,StrikeSwinging,Undefined,Undefined,,Undefined,0,0,88.06566,-3.063375,-2.338061,2782.999397,113.673426,9:45,6.10092,1.01082,4.76761,-36.07132,2.09748,-1.72984,0.18538,-1.3513,80.21752,-9.546864,-2.642528,0.444658,,,,,,,,,,,,0.12228,2.33248,-0.77487,50,5.76194,5.27843,-127.31248,-8.2821,0.19812,29.23469,-28.39438,84.76735,,7.84813,,,,1000055344,Right,55.73117,-128.62179,14.61734,6.10438,-7.01042,-14.19719,-1.01107,5.26955,0.09906,,,,,,,,,,,,,,,,,,,,,,,,,,,,,,,,,,,,,,,,,,,,,,,,,,,High,High,High,,,,,,v3
13,2/6/2023,5,4,1000036209,Right,T_A,1000049656,Left,T_B,1,Top,2,1,2,1-2,Slider,Slider,BallCalled,Undefined,Undefined,,Undefined,0,0,87.60972,-3.32447,-1.611219,2718.476379,220.997211,1:15,6.07394,1.13927,4.72041,-35.20667,2.91945,1.50138,-0.01943,-0.26495,80.79574,-9.625143,-1.346918,0.444409,,,,,,,,,,,,-1.18469,2.67811,-0.97793,50,5.70629,3.49852,-126.85159,-8.80781,-1.9325,25.67562,-27.80542,84.8148,,6.81397,,,,1000055344,Right,55.77929,-128.01601,12.83781,6.07714,-7.5468,-13.90271,-1.13858,3.58616,-0.96625,,,,,,,,,,,,,,,,,,,,,,,,,,,,,,,,,,,,,,,,,,,,,,,,,,,High,High,High,,,,,,v3
14,2/6/2023,5,5,1000036209,Right,T_A,1000049656,Left,T_B,1,Top,2,2,2,2-2,Slider,Slider,BallCalled,Undefined,Undefined,,Undefined,0,0,88.05005,-5.833553,-1.443517,2801.956824,200.394776,12:45,6.09721,1.10803,4.84929,-31.98805,5.46807,1.63461,-2.11189,-0.12259,82.21499,-11.505383,-1.154807,0.440487,,,,,,,,,,,,-1.19465,4.37473,-0.96698,50,5.49138,3.13665,-127.26429,-14.26586,-1.97836,23.73222,-24.92947,85.56999,,5.83506,,,,1000055344,Right,55.65437,-128.31438,11.86611,6.09821,-13.1628,-12.46473,-1.10771,3.22419,-0.98918,,,,,,,,,,,,,,,,,,,,,,,,,,,,,,,,,,,,,,,,,,,,,,,,,,,High,High,High,,,,,,v3
15,2/6/2023,5,6,1000036209,Right,T_A,1000049656,Left,T_B,1,Top,2,3,2,3-2,Slider,Slider,StrikeSwinging,Strikeout,Undefined,,Undefined,0,0,88.11544,-3.143158,-1.940504,2709.711845,164.556026,11:30,6.08363,1.07978,4.75276,-35.38033,2.61008,-0.36398,0.1497,-0.79156,80.52897,-9.498445,-2.004588,0.443617,,,,,,,,,,,,-0.40697,2.59134,-0.88449,50,5.73641,4.33514,-127.44715,-8.44667,-0.66376,28.24018,-27.9476,84.96614,,7.58647,,,,1000055344,Right,55.74557,-128.71398,14.12009,6.0872,-7.19297,-13.9738,-1.07963,4.36492,-0.33188,,,,,,,,,,,,,,,,,,,,,,,,,,,,,,,,,,,,,,,,,,,,,,,,,,,High,High,High,,,,,,v3
16,2/6/2023,1,1,1000187700,Left,T_B,1000187793,Left,T_A,1,Bottom,0,0,0,0-0,Fastball,Four-Seam,StrikeCalled,Undefined,Undefined,,Undefined,0,0,86.18558,-1.301463,4.239545,2226.450312,146.140909,10:45,5.77383,-1.80401,4.98216,-19.97918,19.6095,-12.18926,2.87626,1.19121,77.68773,-5.056145,2.097208,0.452853,,,,,,,,,,,,7.33363,10.50508,1.40494,50,5.63263,-8.66678,-124.49362,-3.49352,11.37598,27.69721,-15.87849,83.23335,,8.49786,,,,1000187898,Right,55.51367,-125.71432,13.84861,5.77118,-2.79372,-7.93925,1.79796,-9.16815,5.68799,,,,,,,,,,,,,,,,,,,,,,,,,,,,,,,,,,,,,,,,,,,,,,,,,,,High,High,High,,,,,,v3
17,2/6/2023,1,2,1000187700,Left,T_B,1000187793,Left,T_A,1,Bottom,0,0,1,0-1,Fastball,Four-Seam,FoulBall,Undefined,Undefined,,Undefined,0,0,87.97449,-1.963454,3.132306,2323.786972,150.488418,11:00,5.79873,-1.68751,5.02617,-16.25839,21.57466,-11.43757,2.58767,0.31792,79.39548,-5.053548,1.116445,0.442698,,,,,,,,,,,,6.58457,11.65016,1.39711,50,5.59838,-6.41859,-127.20181,-4.86878,10.67573,28.63379,-13.28532,85.14263,,8.57901,,,,1000187898,Right,55.46878,-128.42696,14.31689,5.79454,-4.30035,-6.64266,1.68151,-6.87537,5.33787,,,,,,,,,,,,,,,,,,,,,,,,,,,,,,,,,,,,,,,,,,,,,,,,,,,High,High,High,,,,,,v3
18,2/6/2023,1,3,1000187700,Left,T_B,1000187793,Left,T_A,1,Bottom,0,0,2,0-2,Slider,Curveball,InPlay,Undefined,Popup,,Out,1,0,69.89277,3.800768,0.644415,2321.65802,292.461724,3:45,5.12302,-2.19254,3.9783,-65.53484,-3.88839,14.04076,3.32328,-0.4026,64.07833,-7.835896,3.074508,0.5651,85.03654,59.98814,18.406007,,,,,,54.27674,,,-6.58382,-2.4763,2.10205,50,5.48295,-1.69871,-101.10485,4.36476,-6.815,16.4821,-34.73731,66.70046,98.81469,5.81444,2.77762,3.36103,0.41088,1000187898,Right,56.52379,-102.16282,8.24105,5.13122,6.59452,-17.36866,2.19704,-1.26126,-3.4075,182.602453,2.77763,59.19044,-21.35538,6.60761,-2.56718,2.8234,-2.80644,1.47011,-0.30771,3.36102,107.99832,-25.35406,2.25789,0.27624,-1.37553,1.56986,-0.84937,0.18034,0.41089,19.6969,-5.75647,1.97264,-0.85147,0.99647,-1.00146,0.52627,-0.11034,,,,,,,,,,,,,,,,,,,,,,,High,High,High,High,Low,,,,v3
19,2/6/2023,2,1,1000187700,Left,T_B,691273,Right,T_A,1,Bottom,1,0,0,0-0,Fastball,Four-Seam,InPlay,Undefined,FlyBall,,Out,1,0,88.13949,-1.546849,3.23333,2219.704781,151.061209,11:00,5.70347,-1.78514,4.98309,-20.1156,17.36792,-8.90414,2.56373,0.52948,80.14743,-5.293473,1.665413,0.440648,91.71947,56.504738,-22.380459,3750.385099,,,,,207.30325,,,5.39158,9.4367,1.48091,50,5.53845,-6.80239,-127.59393,-4.15815,8.84831,27.35358,-16.68709,85.53871,100.93071,7.99206,3.16895,2.65676,-0.45639,1000187898,Right,55.5158,-128.77098,13.67679,5.70193,-3.44009,-8.34354,1.78181,-7.18314,4.42415,177.847787,3.16897,68.64259,-19.31468,5.71236,-0.13552,-1.3101,0.98405,-0.33793,0.04505,2.65675,112.18347,-27.25498,3.10546,-1.07643,0.88763,-0.57917,0.20563,-0.02998,-0.45639,-28.26586,7.19772,-1.81272,0.14935,0.21406,-0.16728,0.05574,-0.00698,,,,,,,,,,,,,,,,,,,,,,,High,High,High,High,Low,,,,v3
20,2/6/2023,3,1,1000187700,Left,T_B,1000110361,Right,T_A,1,Bottom,2,0,0,0-0,Fastball,Four-Seam,InPlay,Undefined,FlyBall,FlyBall,HomeRun,0,1,87.32162,-1.510422,1.337242,2223.804094,146.746177,11:00,5.70392,-1.71003,4.83167,-23.14415,15.01658,-9.04008,2.34417,-1.19678,79.82447,-5.770571,-0.253977,0.444611,102.50315,25.691931,27.9895,3558.260046,92.94473,47.62686,58.83189,348.86248,342.38948,39.464331,4.286838,4.85044,8.18489,1.58585,50,5.53502,-2.53834,-126.59741,-4.19547,7.87079,25.87267,-18.89248,84.77631,63.56867,7.49716,0.93214,2.35177,1.15407,1000187898,Right,55.66707,-127.75034,12.93634,5.70322,-3.35359,-9.44624,1.70677,-2.88907,3.9354,226.824827,0.93112,119.65717,-29.9538,8.57786,-2.37835,0.63127,-0.13821,0.01877,-0.00107,2.35262,65.15346,-18.96175,0.52036,0.44861,-0.24418,0.06649,-0.00891,0.00046,1.15341,63.59959,-1.83665,-1.30486,0.51214,-0.07439,-0.00559,0.00334,-0.00031,,,,,,,,,,,,,,,,,,,,,,,High,High,High,High,Medium,,,,v3
21,2/6/2023,4,1,1000187700,Left,T_B,1000064785,Right,T_A,1,Bottom,2,0,0,0-0,ChangeUp,Changeup,BallCalled,Undefined,Undefined,,Undefined,0,0,78.91868,0.786878,1.080444,1525.741876,146.88248,11:00,5.21853,-2.04786,5.25434,-27.66159,19.03473,-11.29973,3.65293,-1.97419,70.92743,-4.409396,-0.922764,0.491828,,,,,,,,,,,,5.94138,9.72363,1.95734,50,5.271,-1.68261,-114.26865,0.72996,7.7304,24.18782,-19.52253,76.63752,,7.99125,,,,1000187898,Right,55.23899,-115.37229,12.09391,5.21737,1.62073,-9.76126,2.04216,-2.03532,3.8652,,,,,,,,,,,,,,,,,,,,,,,,,,,,,,,,,,,,,,,,,,,,,,,,,,,High,High,High,,,,,,v3
22,2/6/2023,4,2,1000187700,Left,T_B,1000064785,Right,T_A,1,Bottom,2,1,0,1-0,ChangeUp,Changeup,BallCalled,Undefined,Undefined,,Undefined,0,0,77.54712,0.483172,1.89593,1577.907933,123.36494,10:00,5.07586,-2.1078,4.9792,-38.71234,9.87221,-12.41497,2.3064,-1.35118,70.32745,-6.611423,-0.2947,0.501673,,,,,,,,,,,,6.715,5.22886,1.93551,50,5.09142,-3.2052,-112.31932,-0.36855,8.49239,22.24251,-25.56114,75.13352,,7.21967,,,,1000187898,Right,55.51745,-113.40667,11.12125,5.07889,0.88104,-12.78057,2.10235,-3.62036,4.24619,,,,,,,,,,,,,,,,,,,,,,,,,,,,,,,,,,,,,,,,,,,,,,,,,,,High,High,High,,,,,,v3
23,2/6/2023,4,3,1000187700,Left,T_B,1000064785,Right,T_A,1,Bottom,2,2,0,2-0,Fastball,Four-Seam,FoulBall,Undefined,Undefined,,Undefined,0,0,86.74195,-1.414236,3.195989,2163.95154,143.194581,10:45,5.76248,-1.54683,4.93144,-20.30698,18.22403,-12.71544,2.73107,0.41768,79.3179,-5.186078,0.958457,0.446762,73.83496,70.571501,74.963532,5096.602833,,,,,33.00683,,,7.21752,9.77949,1.24687,50,5.60851,-6.44635,-125.66873,-3.81791,11.56436,25.00524,-16.50474,84.36797,77.75717,7.42405,3.00671,2.82849,-0.39472,1000187898,Right,55.56841,-126.77188,12.50262,5.76089,-3.08978,-8.25237,1.54252,-6.95653,5.78218,200.367925,3.0067,9.3475,-9.06402,3.44757,-3.16326,5.32675,-5.57623,3.02753,-0.66822,2.82849,102.12465,-30.29694,4.17559,-0.80083,-0.03819,0.23906,-0.16259,0.04006,-0.39472,34.78824,-2.28059,0.89664,-0.84846,1.43856,-1.50751,0.81879,-0.18076,,,,,,,,,,,,,,,,,,,,,,,High,High,High,High,Low,,,,v3
24,2/6/2023,4,4,1000187700,Left,T_B,1000064785,Right,T_A,1,Bottom,2,2,1,2-1,ChangeUp,Changeup,StrikeCalled,Undefined,Undefined,,Undefined,0,0,77.72898,-0.542238,1.557862,1562.845276,126.68571,10:15,5.02541,-2.16388,5.19118,-34.66628,13.15953,-15.46733,1.62626,-1.98696,70.7633,-6.92825,-1.183682,0.49774,,,,,,,,,,,,8.18209,7.20524,2.03158,50,4.9493,-2.44268,-112.68115,-2.19239,10.44065,21.91264,-22.97985,75.72717,,6.96568,,,,1000187898,Right,55.30618,-113.70833,10.95632,5.02683,-1.11518,-11.48993,2.15756,-2.93211,5.22032,,,,,,,,,,,,,,,,,,,,,,,,,,,,,,,,,,,,,,,,,,,,,,,,,,,High,High,High,,,,,,v3
25,2/6/2023,4,5,1000187700,Left,T_B,1000064785,Right,T_A,1,Bottom,2,2,2,2-2,ChangeUp,Changeup,BallCalled,Undefined,Undefined,,Undefined,0,0,77.99275,-1.330013,2.195702,1522.990069,133.608485,10:30,5.05586,-2.2184,4.98237,-35.1762,12.37902,-11.3965,0.86735,-1.09357,71.63472,-7.744525,0.183713,0.49633,,,,,,,,,,,,6.28382,6.94185,2.01649,50,4.89913,-3.87446,-113.06874,-3.81832,8.14105,20.46757,-23.18046,75.94229,,6.35802,,,,1000187898,Right,55.51655,-114.06297,10.23379,5.05726,-2.69231,-11.59023,2.21429,-4.26991,4.07053,,,,,,,,,,,,,,,,,,,,,,,,,,,,,,,,,,,,,,,,,,,,,,,,,,,High,High,High,,,,,,v3
26,2/6/2023,4,6,1000187700,Left,T_B,1000064785,Right,T_A,1,Bottom,2,3,2,3-2,Fastball,Four-Seam,FoulBall,Undefined,Undefined,,Undefined,0,0,87.45087,-0.824684,1.804562,2159.205686,138.13038,10:30,5.73272,-1.53817,4.72949,-22.77647,15.45725,-12.7393,3.0518,-0.88709,79.74918,-5.023157,-0.432595,0.445036,76.74405,53.235278,66.1561,4926.726423,,,,,68.22662,,,6.81398,8.18934,1.36834,50,5.63006,-3.40166,-126.76427,-2.67642,11.07111,26.26995,-18.86827,84.69531,79.01896,7.70169,2.15921,3.50108,0.55885,1000187898,Right,55.7698,-127.95439,13.13497,5.73195,-1.82163,-9.43413,1.53381,-3.90322,5.53555,,2.1592,27.23599,-15.399,4.98008,-1.75119,0.75773,-0.01054,-0.23554,0.08476,3.50109,90.16944,-25.37426,2.59746,-0.2664,-0.13709,0.06532,0.01619,-0.01178,0.55885,61.61911,-7.58397,1.23187,-0.08777,-0.07843,0.05533,-0.01342,0.00019,,,,,,,,,,,,,,,,,,,,,,,High,High,High,Medium,Low,,,,v3
27,2/6/2023,4,7,1000187700,Left,T_B,1000064785,Right,T_A,1,Bottom,2,3,2,3-2,Fastball,Sinker,InPlay,Undefined,GroundBall,GroundBall,Out,1,0,86.40599,-0.598272,1.806714,2137.845919,136.217174,10:30,5.60021,-1.63081,4.71333,-25.57915,13.26678,-11.60768,2.90052,-0.88288,79.50503,-5.269618,-0.231249,0.448584,89.54943,-13.389815,13.483212,,,,,14.75623,13.73186,14.810575,0.096631,6.20284,7.00878,1.45919,50,5.5173,-3.42357,-125.37998,-2.28587,9.95024,23.51339,-20.93097,84.02531,2.94605,6.90096,2.23109,2.94605,0.88646,1000187898,Right,55.78684,-126.46057,11.7567,5.60025,-1.32396,-10.46549,1.62703,-3.88085,4.97512,180,2.22647,124.54442,,,,,,,,2.94718,-30.48756,,,,,,,,0.88535,29.86187,,,,,,,,,,,,,,,,,,,,,,,,,,,,,,High,High,High,Low,Low,,,,v3
28,2/6/2023,1,1,1000036209,Right,T_A,1000102964,Right,T_B,2,Top,0,0,0,0-0,Slider,Slider,StrikeSwinging,Undefined,Undefined,,Undefined,0,0,86.14318,0.232093,-0.260245,2712.291591,88.836843,9:00,5.98377,1.30858,4.81632,-37.72506,0.95744,-4.94303,3.05988,0.65013,79.90456,-6.56161,-1.130793,0.44764,,,,,,,,,,,,2.37457,0.74268,-1.27824,50,5.97404,0.79431,-125.16906,-1.01278,3.81785,22.08291,-30.97995,84.20262,,6.23862,,,,1000055344,Right,55.6843,-126.16792,11.04145,5.98816,0.38852,-15.48997,-1.31026,0.62162,1.90893,,,,,,,,,,,,,,,,,,,,,,,,,,,,,,,,,,,,,,,,,,,,,,,,,,,High,High,High,,,,,,v3
29,2/6/2023,1,2,1000036209,Right,T_A,1000102964,Right,T_B,2,Top,0,0,1,0-1,Slider,Slider,BallCalled,Undefined,Undefined,,Undefined,0,0,86.83689,-2.250635,-3.164151,2625.375392,154.451478,11:15,6.04959,1.28039,4.66077,-33.98301,4.43402,-1.62,1.07527,-1.86352,80.92273,-8.32159,-3.44807,0.446101,,,,,,,,,,,,0.05331,2.99004,-0.95564,50,5.78838,7.03291,-125.88968,-6.3337,0.08677,22.08055,-27.30597,84.49305,,5.91416,,,,1000055344,Right,55.84079,-126.90999,11.04027,6.0519,-5.07193,-13.65299,-1.28053,7.0289,0.04339,,,,,,,,,,,,,,,,,,,,,,,,,,,,,,,,,,,,,,,,,,,,,,,,,,,High,High,High,,,,,,v3
30,2/6/2023,1,3,1000036209,Right,T_A,1000102964,Right,T_B,2,Top,0,1,1,1-1,Fastball,Four-Seam,InPlay,Undefined,Bunt,,Out,1,0,89.29043,-3.208098,-1.374925,2421.65433,204.22608,12:45,6.25653,1.14969,5.34831,-19.90131,15.63965,6.56477,1.58497,0.40687,82.49851,-6.886048,-0.208075,0.429078,,,,,,,,,,,,-3.68823,9.01272,-1.0309,50,5.95334,2.82534,-129.54726,-7.9563,-6.3242,24.78265,-16.71997,87.84524,,6.79192,,,,1000055344,Right,55.15272,-130.52927,12.39132,6.25548,-7.29377,-8.35998,-1.14782,3.07594,-3.1621,,,,,,,,,,,,,,,,,,,,,,,,,,,,,,,,,,,,,,,,,,,,,,,,,,,High,High,High,,,,,,v3
31,2/6/2023,2,1,1000036209,Right,T_A,1000079407,Left,T_B,2,Top,1,0,0,0-0,Slider,Slider,StrikeSwinging,Undefined,Undefined,,Undefined,0,0,86.90082,-1.912237,-2.188625,2714.971019,108.860086,9:45,6.13982,1.20942,4.7317,-35.96388,2.42004,-3.86567,1.32663,-1.19015,80.5961,-8.35458,-2.868098,0.445909,,,,,,,,,,,,1.35906,1.98079,-0.98507,50,5.91476,4.99401,-126.04104,-5.6713,2.20589,23.46325,-28.95896,84.52951,,6.30471,,,,1000055344,Right,55.76896,-127.11043,11.73163,6.14316,-4.35143,-14.47948,-1.21039,4.89347,1.10295,,,,,,,,,,,,,,,,,,,,,,,,,,,,,,,,,,,,,,,,,,,,,,,,,,,High,High,High,,,,,,v3
32,2/6/2023,2,2,1000036209,Right,T_A,1000079407,Left,T_B,2,Top,1,0,1,0-1,Slider,Cutter,StrikeSwinging,Undefined,Undefined,,Undefined,0,0,87.75525,-1.47647,-1.453971,2656.802799,146.565813,11:00,6.17869,1.30234,4.89792,-31.30805,6.13315,-3.31937,2.17244,-0.34978,81.007,-7.142338,-2.03924,0.440399,,,,,,,,,,,,1.27673,3.72528,-1.15701,50,6.00778,3.38317,-127.34972,-4.51769,2.11052,24.53801,-26.01594,85.58704,,6.74825,,,,1000055344,Right,55.60233,-128.42465,12.269,6.18072,-3.37802,-13.00797,-1.30319,3.29072,1.05526,,,,,,,,,,,,,,,,,,,,,,,,,,,,,,,,,,,,,,,,,,,,,,,,,,,High,High,High,,,,,,v3
33,2/6/2023,2,3,1000036209,Right,T_A,1000079407,Left,T_B,2,Top,1,0,2,0-2,Slider,Slider,InPlay,Undefined,FlyBall,FlyBall,Double,0,1,86.26075,-1.680192,-1.114392,2734.981845,162.733747,11:30,6.1774,1.26759,4.79517,-32.68199,5.82209,-1.49327,1.86095,0.08699,80.4742,-7.554983,-1.377337,0.446606,95.80415,32.606412,-3.256651,,109.27741,64.46216,-12.58558,377.30788,376.29915,-14.829821,5.235823,0.48862,3.53784,-1.1551,50,5.9812,2.50427,-125.32056,-4.96825,0.79053,21.20703,-26.45013,84.39751,92.85132,5.78655,2.58842,2.03789,-0.14413,1000055344,Right,55.70648,-126.28253,10.60352,6.17935,-3.76845,-13.22507,-1.26788,2.46841,0.39527,152.356992,2.59013,118.14471,-22.90454,5.59062,-1.16664,0.21958,-0.03503,0.00377,-0.00018,2.03899,75.6906,-17.2716,0.49195,0.23862,-0.14408,0.03727,-0.00468,0.00023,-0.14368,-6.73293,-5.69439,1.4587,-0.31111,0.05689,-0.0084,0.00084,-4.00E-05,,,,,,,,,,,,,,,,,,,,,,,High,High,High,High,Medium,,,,v3
34,2/6/2023,3,1,1000036209,Right,T_A,1000094105,Right,T_B,2,Top,1,0,0,0-0,Fastball,Four-Seam,StrikeCalled,Undefined,Undefined,,Undefined,0,0,91.7182,-1.305553,-1.419765,2446.417806,200.277876,12:45,6.22246,1.02026,5.27984,-16.93465,16.81702,5.84307,3.58452,0.17351,84.33011,-4.471339,-0.383207,0.418137,,,,,,,,,,,,-3.2887,9.06213,-0.89516,50,6.0912,3.0288,-133.16649,-3.61989,-5.95189,26.49268,-15.77348,90.14369,,7.38809,,,,1000055344,Right,55.21893,-134.20075,13.24634,6.2205,-3.0041,-7.88674,-1.01794,3.26116,-2.97594,,,,,,,,,,,,,,,,,,,,,,,,,,,,,,,,,,,,,,,,,,,,,,,,,,,High,High,High,,,,,,v3
35,2/6/2023,3,2,1000036209,Right,T_A,1000094105,Right,T_B,2,Top,1,0,1,0-1,Slider,Cutter,StrikeCalled,Undefined,Undefined,,Undefined,0,0,87.49988,-0.72405,-1.957889,2642.800076,152.425721,11:00,5.96809,1.2553,4.68715,-31.57368,6.2441,-2.70126,2.64902,-0.82957,80.9606,-6.41755,-2.431883,0.442608,,,,,,,,,,,,0.84532,3.56418,-1.05378,50,5.86613,4.4675,-126.98178,-2.88736,1.39561,23.285,-26.28969,85.15984,,6.53928,,,,1000055344,Right,55.81253,-128.04321,11.6425,5.97043,-1.68897,-13.14485,-1.25597,4.40389,0.69781,,,,,,,,,,,,,,,,,,,,,,,,,,,,,,,,,,,,,,,,,,,,,,,,,,,High,High,High,,,,,,v3
36,2/6/2023,3,3,1000036209,Right,T_A,1000094105,Right,T_B,2,Top,1,0,2,0-2,Slider,Slider,InPlay,Undefined,GroundBall,GroundBall,Single,1,1,87.29019,-1.492456,-2.284308,2658.126189,230.498892,1:45,6.00301,1.19548,4.66051,-32.53033,5.52567,5.38685,1.87291,-0.5268,80.864,-7.342006,-1.339018,0.444,79.8412,2.434301,-24.827,1461.469218,,,,67.41309,61.54588,-26.012835,0.587641,-3.23083,3.36988,-0.96753,50,5.82092,4.804,-126.64247,-4.62251,-5.30492,23.18839,-26.64078,84.89285,2.63967,6.42619,2.37172,2.23352,0.44995,1000055344,Right,55.84062,-127.70742,11.5942,6.00512,-3.39901,-13.32039,-1.19375,5.04763,-2.65246,97.702732,2.38278,105.93017,-11.75235,,,,,,,2.23964,4.83531,-14.73187,,,,,,,0.45814,-49.31093,-3.05306,,,,,,,,,,,,,,,,,,,,,,,,,,,,,High,High,High,High,High,,,,v3
37,2/6/2023,4,1,1000036209,Right,T_A,1000138679,Right,T_B,2,Top,2,0,0,0-0,Fastball,Four-Seam,BallCalled,Undefined,Undefined,,Undefined,0,0,90.87641,-1.703564,-1.941633,2475.060437,205.46284,12:45,6.15529,0.97943,5.29264,-17.57895,16.62737,7.45874,3.08944,-0.22279,84.03302,-4.972597,-0.618505,0.420944,,,,,,,,,,,,-4.2104,9.0478,-0.80835,50,5.98753,4.13421,-131.97419,-4.53839,-7.52627,24.52533,-16.00074,89.54258,,6.84339,,,,1000055344,Right,55.20714,-132.93833,12.26267,6.15358,-3.90936,-8.00037,-0.97669,4.43009,-3.76313,,,,,,,,,,,,,,,,,,,,,,,,,,,,,,,,,,,,,,,,,,,,,,,,,,,High,High,High,,,,,,v3
38,2/6/2023,4,2,1000036209,Right,T_A,1000138679,Right,T_B,2,Top,2,1,0,1-0,Slider,Slider,BallCalled,Undefined,Undefined,,Undefined,0,0,85.72956,0.892484,-0.459623,2743.222799,126.858421,10:15,5.98352,1.19536,4.61671,-35.67781,3.36516,-3.19315,3.85899,0.49227,79.9954,-5.511596,-1.019534,0.449721,,,,,,,,,,,,1.46941,1.7465,-1.14499,50,6.04211,1.14636,-124.6338,0.48706,2.36273,19.81971,-29.36577,83.81302,,5.73416,,,,1000055344,Right,55.88471,-125.56612,9.90986,5.98671,1.86843,-14.68288,-1.1963,1.03522,1.18137,,,,,,,,,,,,,,,,,,,,,,,,,,,,,,,,,,,,,,,,,,,,,,,,,,,High,High,High,,,,,,v3
39,2/6/2023,4,3,1000036209,Right,T_A,1000138679,Right,T_B,2,Top,2,2,0,2-0,Fastball,Four-Seam,StrikeCalled,Undefined,Undefined,,Undefined,0,0,91.51386,-2.169323,-2.656755,2462.947798,195.993915,12:30,6.12836,1.04928,5.26989,-17.48403,16.5867,4.45473,2.63046,-1.07688,84.02879,-5.429285,-1.867617,0.420109,,,,,,,,,,,,-2.92906,9.19217,-0.8097,50,5.91726,5.95012,-132.67548,-5.63769,-5.24989,26.91104,-15.69842,89.72057,,7.48507,,,,1000055344,Right,55.22878,-133.73185,13.45552,6.12646,-5.02146,-7.84921,-1.04731,6.1562,-2.62494,,,,,,,,,,,,,,,,,,,,,,,,,,,,,,,,,,,,,,,,,,,,,,,,,,,High,High,High,,,,,,v3
40,2/6/2023,4,4,1000036209,Right,T_A,1000138679,Right,T_B,2,Top,2,2,1,2-1,Fastball,Four-Seam,FoulBall,Undefined,Undefined,Popup,Undefined,0,0,90.91082,-2.208538,-1.319468,2404.424593,202.811202,12:45,6.22412,0.98593,5.56714,-17.79529,16.40706,6.4454,2.6765,0.29025,83.24088,-5.549483,-0.169593,0.42092,67.06702,48.703224,76.354337,5431.408535,3.06336,69.95871,109.95705,174.15708,81.6549,96.186611,4.153948,-3.63516,9.24378,-0.87656,50,6.02212,2.75322,-131.92183,-5.67284,-6.41479,27.71181,-15.86211,89.54775,70.99719,7.66994,1.10017,2.64568,-0.28933,1000055344,Right,54.93173,-132.95376,13.85591,6.22236,-5.08217,-7.93105,-0.98353,2.99209,-3.20739,,1.09046,15.54863,-11.83219,5.12644,-2.73594,1.17409,-0.30793,0.04138,-0.0021,2.65331,73.69629,-22.0727,0.01488,1.95173,-1.29056,0.41846,-0.06818,0.00441,-0.28195,62.88879,-7.36608,-0.68126,1.90727,-1.15021,0.35597,-0.05672,0.00366,,,,,,,,,,,,,,,,,,,,,,,High,High,High,Medium,Low,,,,v3
41,2/6/2023,4,5,1000036209,Right,T_A,1000138679,Right,T_B,2,Top,2,2,2,2-2,Slider,Slider,InPlay,Undefined,GroundBall,GroundBall,Out,1,0,86.91321,-1.1546,-1.143929,2662.56288,333.853873,5:15,5.99832,1.10024,4.75474,-38.37152,0.99953,0.23398,1.70539,0.03477,78.3232,-8.105709,-1.102739,0.451606,75.21006,-13.195145,-36.034877,,,,,9.3717,9.3717,-25.814196,0.062781,-0.50252,1.26213,-0.9856,50,5.84875,2.50003,-125.74965,-4.08329,-0.78806,30.39236,-30.19469,83.46307,1.58376,8.59001,2.97405,1.58376,-0.10715,1000055344,Right,55.74242,-127.12995,15.19618,6.00306,-2.71197,-15.09735,-1.09996,2.53582,-0.39403,180,2.97241,87.00825,,,,,,,,1.58423,-25.22673,,,,,,,,-0.10596,-63.29615,,,,,,,,,,,,,,,,,,,,,,,,,,,,,,High,High,High,Low,Low,,,,v3
42,2/6/2023,1,1,1000187700,Left,T_B,1000055244,Right,T_A,2,Bottom,0,0,0,0-0,Fastball,Changeup,StrikeCalled,Undefined,Undefined,,Undefined,0,0,85.25675,-1.075844,1.299655,2100.927116,135.627007,10:30,5.58723,-1.98106,4.89774,-25.51994,14.62454,-12.97709,2.44262,-1.83302,77.52493,-5.783292,-0.987581,0.45602,,,,,,,,,,,,6.77902,7.92961,1.8653,50,5.46113,-2.21103,-123.54588,-3.23879,10.41774,25.9281,-19.98814,82.65515,,7.73182,,,,1000187898,Right,55.59936,-124.71546,12.96405,5.58689,-2.33715,-9.99407,1.97564,-2.68096,5.20887,,,,,,,,,,,,,,,,,,,,,,,,,,,,,,,,,,,,,,,,,,,,,,,,,,,High,High,High,,,,,,v3
43,2/6/2023,1,2,1000187700,Left,T_B,1000055244,Right,T_A,2,Bottom,0,0,1,0-1,ChangeUp,Changeup,BallCalled,Undefined,Undefined,,Undefined,0,0,73.61617,1.068282,0.458579,1558.619474,153.024914,11:00,5.23074,-2.44418,4.97057,-36.86845,17.40383,-7.83949,3.16758,-2.6643,66.26277,-5.762535,-0.924237,0.530225,,,,,,,,,,,,4.00579,8.82347,2.4066,50,5.30487,-0.54113,-106.53568,0.84636,4.52837,21.10101,-22.19951,71.08761,,7.3534,,,,1000187898,Right,55.52289,-107.62402,10.55051,5.23169,1.99135,-11.09976,2.44053,-0.77469,2.26419,,,,,,,,,,,,,,,,,,,,,,,,,,,,,,,,,,,,,,,,,,,,,,,,,,,High,High,High,,,,,,v3
44,2/6/2023,1,3,1000187700,Left,T_B,1000055244,Right,T_A,2,Bottom,0,1,1,1-1,Fastball,Changeup,FoulBall,Undefined,Undefined,,Undefined,0,0,84.06426,-0.820314,2.767073,2068.562649,145.126206,10:45,5.82308,-1.71294,4.95343,-25.44517,16.30883,-10.26894,2.92661,0.04785,75.49996,-5.558775,0.958262,0.465072,64.9283,37.217506,168.707251,2821.975177,,,,,44.91011,,,6.01091,8.77587,1.45359,50,5.72348,-5.41795,-121.56441,-2.61616,8.83279,27.83543,-19.2783,81.04642,29.37731,8.5643,2.47776,2.97976,-0.00111,1000187898,Right,55.54272,-122.82701,13.91772,5.82232,-1.74171,-9.63915,1.70843,-5.8186,4.41639,3.854299,2.47776,-74.36618,4.58245,0.35533,-0.09372,-0.11604,0.34214,-0.37121,0.15931,2.97976,57.5979,-28.08545,3.35367,-0.55285,-0.43223,1.13471,-1.21538,0.52021,-0.00111,14.85003,-0.34537,0.36153,-0.06021,-0.08977,0.22656,-0.24282,0.10396,,,,,,,,,,,,,,,,,,,,,,,High,High,High,High,Low,,,,v3
45,2/6/2023,1,4,1000187700,Left,T_B,1000055244,Right,T_A,2,Bottom,0,1,2,1-2,Curveball,Curveball,InPlay,Undefined,Popup,,Out,1,0,67.75993,1.764506,0.542491,2236.938857,300.22678,4:00,5.27737,-2.15008,4.75539,-72.32138,-7.14658,16.58343,0.9245,-0.25365,61.26835,-11.264064,3.464023,0.581047,65.64867,72.047099,42.408753,,,,,,30.61281,,,-8.01178,-3.56898,2.07985,50,5.39067,-1.53191,-98.03082,0.71334,-7.57578,19.58194,-35.54879,64.86986,78.92382,6.49158,3.57865,1.5079,0.38639,1000187898,Right,55.74486,-99.17174,9.79097,5.28877,2.78454,-17.77439,2.15624,-1.09052,-3.78789,196.010972,3.57865,21.9132,-12.83138,4.38163,-1.1064,0.23967,-0.03731,0.00085,0.00067,1.5079,91.59642,-25.70988,2.65845,-0.36565,0.00635,0.02071,-0.00982,0.00173,0.38639,20.01544,0.90799,-0.62431,0.2111,-0.05713,0.01351,-0.00236,0.00021,,,,,,,,,,,,,,,,,,,,,,,High,High,High,High,Low,,,,v3
46,2/6/2023,2,1,1000187700,Left,T_B,1000066765,Right,T_A,2,Bottom,1,0,0,0-0,Fastball,Sinker,FoulBall,Undefined,Undefined,,Undefined,0,0,85.80437,-1.409767,3.311144,2140.167448,138.847315,10:45,5.41907,-2.0848,5.0311,-27.45513,12.17461,-9.43713,1.79853,0.25635,77.89272,-6.46347,1.647162,0.453087,,,,,,,,,,,,5.68835,6.85839,1.77603,50,5.26259,-6.75914,-124.15412,-4.05456,8.8077,26.71297,-21.5547,83.1902,,7.91164,,,,1000187898,Right,55.46633,-125.32474,13.35648,5.41957,-3.11,-10.77735,2.08068,-7.14511,4.40385,,,,,,,,,,,,,,,,,,,,,,,,,,,,,,,,,,,,,,,,,,,,,,,,,,,High,High,High,,,,,,v3
47,2/6/2023,2,2,1000187700,Left,T_B,1000066765,Right,T_A,2,Bottom,1,0,1,0-1,Fastball,Four-Seam,StrikeCalled,Undefined,Undefined,,Undefined,0,0,86.60529,-2.125924,3.801192,2192.334551,141.534193,10:45,5.70032,-1.55107,4.93606,-24.56875,14.67694,-10.53182,1.63822,1.16932,78.32446,-6.665567,1.949078,0.450887,,,,,,,,,,,,6.50386,8.33733,1.19048,50,5.47347,-7.84965,-125.16727,-5.54144,10.18625,28.27324,-19.11626,83.59625,,8.28083,,,,1000187898,Right,55.56352,-126.41773,14.13662,5.69986,-4.69597,-9.55813,1.54761,-8.30017,5.09313,,,,,,,,,,,,,,,,,,,,,,,,,,,,,,,,,,,,,,,,,,,,,,,,,,,High,High,High,,,,,,v3
48,2/6/2023,2,3,1000187700,Left,T_B,1000066765,Right,T_A,2,Bottom,1,0,2,0-2,Fastball,Sinker,InPlay,Undefined,GroundBall,GroundBall,Out,1,0,85.99185,-1.230915,1.974037,2149.506882,144.682542,10:45,5.87716,-1.62034,4.95154,-24.90478,14.3367,-9.24973,2.63781,-0.52516,78.50398,-5.819591,0.343043,0.450863,98.50002,-1.293379,-33.869743,3519.096715,,,,41.22069,40.94227,-31.856009,0.283918,5.18429,7.82182,1.43708,50,5.73775,-3.88585,-124.65867,-3.58058,8.14156,25.52602,-19.89051,83.60073,2.84896,7.48786,3.12473,2.84896,0.6691,1000187898,Right,55.54784,-125.78956,12.76301,5.87686,-2.69937,-9.94526,1.61722,-4.24655,4.07078,54.554539,3.13028,119.66063,-26.02103,,,,,,,2.85372,-3.48449,-23.18541,,,,,,,0.66979,-80.52475,5.41269,,,,,,,,,,,,,,,,,,,,,,,,,,,,,High,High,High,Medium,High,,,,v3
49,2/6/2023,3,1,1000187700,Left,T_B,1000110355,Right,T_A,2,Bottom,2,0,0,0-0,ChangeUp,Changeup,StrikeSwinging,Undefined,Undefined,,Undefined,0,0,75.45184,0.208891,2.496566,1562.022114,108.59551,9:30,5.06656,-2.08349,4.8524,-45.02869,6.5928,-14.1978,1.5121,-0.90183,68.56219,-7.979764,-0.003347,0.517115,,,,,,,,,,,,7.75339,3.71185,1.84977,50,5.04925,-4.18498,-109.23087,-1.14409,9.26907,21.12673,-27.73659,72.88992,,6.88965,,,,1000187898,Right,55.64486,-110.31726,10.56336,5.0714,0.28219,-13.8683,2.07722,-4.66162,4.63454,,,,,,,,,,,,,,,,,,,,,,,,,,,,,,,,,,,,,,,,,,,,,,,,,,,High,High,High,,,,,,v3
50,2/6/2023,3,2,1000187700,Left,T_B,1000110355,Right,T_A,2,Bottom,2,0,1,0-1,Fastball,Four-Seam,BallCalled,Undefined,Undefined,,Undefined,0,0,84.26967,-0.965489,3.857048,2157.636457,147.752979,11:00,5.82389,-1.54578,5.08949,-23.91198,16.79288,-9.76245,2.91912,1.28141,76.95788,-5.395854,2.136561,0.459192,,,,,,,,,,,,5.91721,9.00193,1.18861,50,5.71415,-7.79634,-121.99108,-2.87276,8.92256,23.8541,-18.60003,82.08422,,7.31179,,,,1000187898,Right,55.40824,-123.04406,11.92705,5.82283,-2.0517,-9.30001,1.54145,-8.19021,4.46128,,,,,,,,,,,,,,,,,,,,,,,,,,,,,,,,,,,,,,,,,,,,,,,,,,,High,High,High,,,,,,v3
51,2/6/2023,3,3,1000187700,Left,T_B,1000110355,Right,T_A,2,Bottom,2,1,1,1-1,Fastball,Four-Seam,BallCalled,Undefined,Undefined,,Undefined,0,0,85.38248,-1.813658,4.041514,2046.380139,148.198155,11:00,5.73452,-1.49016,5.20447,-24.66045,15.17103,-8.54548,1.96895,1.605,77.50144,-6.387437,2.532426,0.454239,,,,,,,,,,,,5.47359,8.51784,1.12226,50,5.54815,-8.34466,-123.44292,-4.75901,8.38209,26.30591,-19.13013,82.97926,,7.88103,,,,1000187898,Right,55.29225,-124.5656,13.15296,5.73383,-3.94258,-9.56507,1.48603,-8.70239,4.19105,,,,,,,,,,,,,,,,,,,,,,,,,,,,,78.74073,1.561412,0.741734,0.819678,-0.15924,1.79022,-1.67409,-1.04066,5.34514,-3.54946,62.19254,1.60016,-62.58694,-1.03416,80.40502,-3.9879,5.36789,6.54807,-13.59573,-3.61651,-81.52077,11.68332,High,High,High,,,High,High,High,v3
52,2/6/2023,3,4,1000187700,Left,T_B,1000110355,Right,T_A,2,Bottom,2,2,1,2-1,ChangeUp,Changeup,InPlay,Undefined,LineDrive,LineDrive,Double,0,1,78.47935,-0.231903,2.868267,1520.124674,120.705001,10:00,5.08992,-2.05817,5.37189,-38.36061,8.17811,-11.16052,1.67551,-0.29679,71.64376,-7.276788,0.885801,0.490997,103.42221,13.302422,7.396844,2128.648971,108.39298,22.05124,18.73375,292.1992,292.1992,14.328073,2.822376,6.495,4.59788,1.8093,50,5.04198,-5.26608,-113.76529,-1.71517,8.46673,21.91053,-26.18036,76.7672,25.67283,6.83558,2.45609,1.76365,0.31175,1000187898,Right,55.12743,-114.74855,10.95527,5.09259,-0.5403,-13.09018,2.05415,-5.64603,4.23336,218.91657,2.4561,146.38679,-28.2255,6.74299,-1.51179,0.31991,-0.05757,0.00714,-0.00043,1.76364,34.90198,-12.49319,-0.47818,0.32702,-0.10375,0.02212,-0.00284,0.00017,0.31174,19.00449,4.67068,-1.53403,0.42802,-0.10342,0.01982,-0.00256,0.00016,,,,,,,,,,,,,,,,,,,,,,,High,High,High,High,High,,,,v3
53,2/6/2023,4,1,1000187700,Left,T_B,1000069979,Right,T_A,2,Bottom,2,0,0,0-0,Fastball,Changeup,BallCalled,Undefined,Undefined,,Undefined,0,0,84.21838,-0.130863,1.457697,2082.877971,138.289704,10:30,5.59363,-2.14658,4.82459,-25.62501,15.78162,-12.77611,3.33423,-1.83036,76.18023,-4.876271,-0.790066,0.463134,,,,,,,,,,,,6.70831,8.21571,2.01359,50,5.55947,-2.51875,-121.97219,-1.18662,10.01039,26.10733,-19.91423,81.38568,,8.03815,,,,1000187898,Right,55.67135,-123.18012,13.05367,5.59306,-0.26523,-9.95712,2.14084,-2.98191,5.00519,,,,,,,,,,,,,,,,,,,,,,,,,,,,,,,,,,,,,,,,,,,,,,,,,,,High,High,High,,,,,,v3
54,2/6/2023,4,2,1000187700,Left,T_B,1000069979,Right,T_A,2,Bottom,2,1,0,1-0,Fastball,Four-Seam,BallCalled,Undefined,Undefined,,Undefined,0,0,85.77939,-2.806964,1.370832,2116.661389,151.421375,11:00,5.59036,-1.91799,4.82965,-22.81194,17.0854,-8.54918,1.02821,-1.33196,77.99785,-7.017858,-0.134288,0.454615,,,,,,,,,,,,4.62233,9.6552,1.78993,50,5.29319,-2.5778,-124.13371,-6.89849,7.16143,26.48763,-17.21508,82.91072,,7.78154,,,,1000187898,Right,55.6672,-125.33714,13.24382,5.58885,-6.11635,-8.60754,1.91444,-2.90317,3.58072,,,,,,,,,,,,,,,,,,,,,,,,,,,,,,,,,,,,,,,,,,,,,,,,,,,High,High,High,,,,,,v3
55,2/6/2023,4,3,1000187700,Left,T_B,1000069979,Right,T_A,2,Bottom,2,2,0,2-0,Fastball,Sinker,BallCalled,Undefined,Undefined,,Undefined,0,0,85.11682,-2.713099,2.134902,2121.813935,141.881871,10:45,5.64646,-2.05261,4.88491,-26.64848,13.62898,-9.63938,0.8553,-0.83522,77.81811,-7.587555,0.436367,0.456775,,,,,,,,,,,,5.40866,7.89788,1.85175,50,5.35793,-4.16579,-123.2357,-6.81641,8.29312,25.16497,-20.06415,82.51858,,7.29871,,,,1000187898,Right,55.61401,-124.37681,12.58248,5.64639,-5.9066,-10.03207,2.04918,-4.54184,4.14656,,,,,,,,,,,,,,,,,,,,,,,,,,,,,,,,,,,,,,,,,,,,,,,,,,,High,High,High,,,,,,v3
56,2/6/2023,4,4,1000187700,Left,T_B,1000069979,Right,T_A,2,Bottom,2,3,0,3-0,Curveball,Curveball,StrikeCalled,Undefined,Undefined,,Undefined,0,0,67.94321,3.671958,-0.846839,2290.226636,318.722769,4:30,5.27974,-1.94646,4.68184,-78.61563,-13.89532,14.28902,2.22051,-1.55992,61.49654,-10.456014,1.664184,0.579018,,,,,,,,,,,,-7.24441,-7.30839,2.0188,50,5.5823,0.91207,-98.23403,3.70029,-6.93237,18.56514,-39.16763,65.09723,,6.44667,,,,1000187898,Right,55.82022,-99.32789,9.28257,5.29629,6.00806,-19.58382,1.95302,1.32053,-3.46618,,,,,,,,,,,,,,,,,,,,,,,,,,,,,,,,,,,,,,,,,,,,,,,,,,,High,High,High,,,,,,v3
57,2/6/2023,4,5,1000187700,Left,T_B,1000069979,Right,T_A,2,Bottom,2,3,1,3-1,Fastball,Sinker,FoulBall,Undefined,Undefined,,Undefined,0,0,86.01365,-1.653821,2.381964,2120.888524,139.567163,10:45,5.71123,-1.60801,5.15456,-21.97005,17.39477,-13.60808,2.32178,-0.49845,77.68446,-5.766118,-0.025706,0.451571,69.94872,20.418298,161.394087,2184.632949,,,,,46.00317,,,7.57859,9.6052,1.39653,50,5.54048,-4.57953,-124.5239,-4.33316,11.74533,28.03112,-17.28788,83.46967,14.7523,8.32919,2.55395,2.45236,0.48679,1000187898,Right,55.34333,-125.72097,14.01556,5.70976,-3.59489,-8.64394,1.60281,-5.08111,5.87266,327.65042,2.55395,-91.12055,7.95286,0.02818,-0.06658,0.00205,0.08305,-0.09871,0.04216,2.45236,35.79117,-25.60809,3.84202,-0.76739,0.23333,-0.13734,0.11409,-0.04679,0.48679,30.67592,-6.7281,-0.12848,0.08296,-0.0107,-0.06552,0.07965,-0.03394,,,,,,,,,,,,,,,,,,,,,,,High,High,High,High,Low,,,,v3
58,2/6/2023,4,6,1000187700,Left,T_B,1000069979,Right,T_A,2,Bottom,2,3,2,3-2,Curveball,Curveball,FoulBall,Undefined,Undefined,,Undefined,0,0,68.34068,2.356705,1.185486,2326.839916,305.284062,4:15,5.24595,-2.06425,4.44051,-75.99433,-9.88827,18.08847,1.1627,0.57402,60.68389,-11.309894,4.351073,0.585183,,,,,,,,,,,,-8.38642,-5.21134,1.91942,50,5.4216,-2.72655,-98.55269,1.52934,-7.861,22.49244,-37.05891,64.41132,,7.65679,,,,1000187898,Right,56.0582,-99.92578,11.24622,5.25919,3.79166,-18.52945,2.07122,-2.24666,-3.9305,,,,,,,,,,,,,,,,,,,,,,,,,,,,,,,,,,,,,,,,,,,,,,,,,,,High,High,High,,,,,,v3
59,2/6/2023,4,7,1000187700,Left,T_B,1000069979,Right,T_A,2,Bottom,2,3,2,3-2,ChangeUp,Changeup,BallCalled,Walk,Undefined,,Undefined,0,0,76.97335,-0.22145,0.296444,1570.252291,140.029033,10:45,5.066,-2.10933,5.03856,-37.26112,11.72249,-8.43993,1.752,-2.533,70.16941,-7.050353,-1.195775,0.503729,,,,,,,,,,,,4.28571,6.35981,2.08817,50,5.01553,-0.23807,-111.60245,-1.66854,5.36915,21.33607,-24.20643,74.82683,,6.80394,,,,1000187898,Right,55.45868,-112.6412,10.66804,5.06808,-0.49004,-12.10322,2.10613,-0.49947,2.68458,,,,,,,,,,,,,,,,,,,,,,,,,,,,,,,,,,,,,,,,,,,,,,,,,,,High,High,High,,,,,,v3
60,2/6/2023,5,1,1000187700,Left,T_B,1000051953,Right,T_A,2,Bottom,2,0,0,0-0,ChangeUp,Changeup,BallCalled,Undefined,Undefined,,Undefined,0,0,74.5889,0.809559,0.836261,1641.336207,117.865663,10:00,5.1868,-2.35813,4.9391,-45.37349,6.78839,-9.6504,2.17094,-2.37191,68.29292,-7.441663,-0.866636,0.519814,,,,,,,,,,,,5.00075,3.63181,2.28526,50,5.2282,-1.19602,-108.16726,0.00452,5.91162,19.25595,-27.88071,72.51141,,6.29598,,,,1000187898,Right,55.55868,-109.15233,9.62798,5.19148,1.4308,-13.94035,2.35418,-1.49844,2.95581,,,,,,,,,,,,,,,,,,,,,,,,,,,,,,,,,,,,,,,,,,,,,,,,,,,High,High,High,,,,,,v3
61,2/6/2023,5,2,1000187700,Left,T_B,1000051953,Right,T_A,2,Bottom,2,1,0,1-0,Fastball,Four-Seam,StrikeCalled,Undefined,Undefined,,Undefined,0,0,84.75277,-1.390468,3.297499,2027.640814,156.167673,11:15,5.6928,-1.68059,4.95613,-24.83163,15.67784,-6.33418,2.30733,0.91054,77.31845,-5.969896,2.182756,0.458089,,,,,,,,,,,,4.06981,8.54296,1.36629,50,5.53803,-6.78529,-122.68386,-3.8577,6.19134,24.68974,-19.17773,82.28195,,7.43432,,,,1000187898,Right,55.5412,-123.79398,12.34487,5.6921,-2.99541,-9.58886,1.67764,-7.06367,3.09567,,,,,,,,,,,,,,,,,,,,,,,,,,,,,,,,,,,,,,,,,,,,,,,,,,,High,High,High,,,,,,v3
62,2/6/2023,5,3,1000187700,Left,T_B,1000051953,Right,T_A,2,Bottom,2,1,1,1-1,ChangeUp,Changeup,StrikeSwinging,Undefined,Undefined,,Undefined,0,0,75.77474,-1.314147,3.368015,1650.532832,114.484024,9:45,5.24367,-2.332,5.29136,-42.474,7.54567,-12.96532,0.46789,-0.24635,69.59593,-9.0547,1.067329,0.509028,,,,,,,,,,,,7.54323,4.58359,2.03522,50,5.0927,-5.97716,-109.79433,-3.88626,9.1806,19.976,-26.59554,74.04784,,6.17881,,,,1000187898,Right,55.20903,-110.73801,9.988,5.24661,-2.62987,-13.29777,2.32783,-6.41085,4.5903,,,,,,,,,,,,,,,,,,,,,,,,,,,,,,,,,,,,,,,,,,,,,,,,,,,High,High,High,,,,,,v3
63,2/6/2023,5,4,1000187700,Left,T_B,1000051953,Right,T_A,2,Bottom,2,1,2,1-2,ChangeUp,Changeup,StrikeSwinging,Strikeout,Undefined,,Undefined,0,0,76.36077,-0.890146,1.455691,1600.186845,138.786209,10:45,5.22714,-2.15386,4.87678,-36.38915,13.43788,-10.3569,1.35212,-1.63926,70.03794,-7.525145,-0.369693,0.508047,,,,,,,,,,,,5.54264,7.34772,2.02012,50,5.10934,-2.3975,-110.71958,-2.94103,6.87644,19.87007,-23.05814,74.19085,,6.32283,,,,1000187898,Right,55.62152,-111.72388,9.93504,5.22853,-1.7756,-11.52907,2.15008,-2.74506,3.43822,,,,,,,,,,,,,,,,,,,,,,,,,,,,,,,,,,,,,,,,,,,,,,,,,,,High,High,High,,,,,,v3
64,2/6/2023,1,1,1000036209,Right,T_A,8886045,Left,T_B,3,Top,0,0,0,0-0,Fastball,Four-Seam,FoulBall,Undefined,Undefined,,Undefined,0,0,91.14475,-2.048675,-1.178451,2529.297066,194.692549,12:30,6.26516,0.72551,5.2202,-15.71958,19.00855,4.67398,3.02779,0.00686,82.76613,-5.022824,-0.350102,0.424143,75.65638,59.228362,-155.147082,4919.272648,,,,,43.25776,,,-2.70024,10.47064,-0.62049,50,6.06494,2.50158,-132.1051,-5.24282,-4.74083,29.84612,-13.79058,88.86733,59.46198,8.37862,2.85115,3.23909,-0.04295,1000055344,Right,55.27808,-133.29223,14.92306,6.26257,-4.6943,-6.89529,-0.72373,2.69015,-2.37041,358.765271,2.85115,-51.51362,-0.79339,1.39155,1.00508,-3.15121,3.9904,-2.69418,0.77106,3.23909,95.33972,-35.83774,5.24032,0.14892,-2.63327,3.57792,-2.53079,0.75747,-0.04295,-23.86059,-0.81942,1.03457,0.71822,-2.26562,2.87089,-1.9397,0.55555,,,,,,,,,,,,,,,,,,,,,,,High,High,High,High,Low,,,,v3
65,2/6/2023,1,2,1000036209,Right,T_A,8886045,Left,T_B,3,Top,0,0,1,0-1,Slider,Slider,BallCalled,Undefined,Undefined,,Undefined,0,0,87.53965,-1.676346,-2.68075,2797.168373,190.059951,12:15,6.07931,1.00576,4.47579,-34.62525,4.39756,0.53413,1.59377,-1.50688,79.38881,-7.914489,-2.587398,0.449605,,,,,,,,,,,,-1.10228,3.05323,-0.72393,50,5.86966,5.8991,-126.54305,-5.14863,-1.76525,28.8044,-27.28447,83.83463,,8.15084,,,,1000055344,Right,56.02113,-127.90627,14.4022,6.08277,-3.85735,-13.64223,-1.0051,5.98264,-0.88262,,,,,,,,,,,,,,,,,,,,,,,,,,,,,,,,,,,,,,,,,,,,,,,,,,,High,High,High,,,,,,v3
66,2/6/2023,1,3,1000036209,Right,T_A,8886045,Left,T_B,3,Top,0,1,1,1-1,Fastball,Four-Seam,InPlay,Undefined,LineDrive,LineDrive,Out,1,0,90.91656,-3.519157,-1.221082,2558.282045,193.829604,12:30,6.21558,0.79039,4.92549,-17.20288,18.0558,4.15457,1.45023,-0.01792,82.97469,-6.718224,-0.488563,0.42737,94.2724,16.930368,-8.634155,3181.358723,107.57523,27.54514,-22.96842,299.14779,286.66609,-18.1708,3.186735,-2.42874,10.3141,-0.67515,50,5.8588,2.61075,-131.61237,-8.71258,-4.24764,28.691,-14.13556,88.19623,32.20403,7.94187,3.3196,1.7119,-0.02766,1000055344,Right,55.57396,-132.82191,14.3455,6.21354,-8.11666,-7.06778,-0.78899,2.78982,-2.12382,133.051188,3.31969,130.77082,-23.82527,5.49576,-1.05714,0.13982,-0.00458,-0.00209,0.00029,1.71175,40.27038,-13.16251,-0.42447,0.2761,-0.02241,-0.017,0.00644,-0.0007,-0.02764,-19.85832,-7.41131,2.87882,-0.84797,0.20025,-0.03651,0.00434,-0.00023,,,,,,,,,,,,,,,,,,,,,,,High,High,High,High,High,,,,v3
67,2/6/2023,2,1,1000036209,Right,T_A,1000058463,Right,T_B,3,Top,1,0,0,0-0,Slider,Slider,InPlay,Undefined,GroundBall,GroundBall,Out,1,0,87.25375,-0.904377,-0.57883,2736.112046,58.035005,8:00,5.96095,1.1252,4.48055,-39.62435,-0.53634,-3.02638,1.79683,0.32129,79.32314,-8.020417,-1.109063,0.44998,79.02646,-10.130964,-30.875332,,,,,11.96085,11.96085,-26.359148,0.091648,1.30028,0.37272,-1.06119,50,5.82768,1.4219,-126.35815,-3.669,2.07943,28.35536,-31.57802,83.76473,1.82602,7.93061,1.84355,1.82602,-0.13385,1000055344,Right,56.01792,-127.70146,14.17768,5.96606,-2.17302,-15.78901,-1.12622,1.32339,1.03971,219.8124,1.84359,97.92308,-12.00312,,,,,,,1.82583,-20.36069,4.80803,,,,,,,-0.13408,-58.51759,22.23491,,,,,,,,,,,,,,,,,,,,,,,,,,,,,High,High,High,Low,Low,,,,v3
68,2/6/2023,3,1,1000036209,Right,T_A,1000051968,Left,T_B,3,Top,2,0,0,0-0,Fastball,Four-Seam,StrikeCalled,Undefined,Undefined,,Undefined,0,0,92.04599,-3.388748,0.012204,2521.31162,195.015273,12:30,6.23367,0.91,5.11946,-15.03835,19.36477,4.86343,1.78467,1.32678,83.29894,-6.232822,0.872872,0.422153,,,,,,,,,,,,-2.40929,11.02599,-0.91509,50,5.90374,-0.26335,-133.17301,-8.37533,-4.28115,31.41087,-12.58149,89.28611,,8.74705,,,,1000055344,Right,55.37653,-134.43517,15.70544,6.23012,-7.86978,-6.29074,-0.90797,-0.09133,-2.14058,,,,,,,,,,,,,,,,,,,,,,,,,,,,,,,,,,,,,,,,,,,,,,,,,,,High,High,High,,,,,,v3
69,2/6/2023,3,2,1000036209,Right,T_A,1000051968,Left,T_B,3,Top,2,0,1,0-1,ChangeUp,Changeup,BallCalled,Undefined,Undefined,,Undefined,0,0,87.68696,-2.878786,-0.500198,1778.466197,233.709038,1:45,5.94819,1.23738,4.57186,-26.10749,12.22449,14.9358,1.03092,2.00607,80.28262,-7.613711,2.118999,0.445607,,,,,,,,,,,,-7.39973,7.15213,-1.20026,50,5.626,0.38368,-126.95798,-7.41762,-12.06175,26.30666,-20.51587,84.5867,,7.40434,,,,1000055344,Right,55.92561,-128.17993,13.15333,5.94842,-6.46466,-10.25794,-1.2311,0.94395,-6.03088,,,,,,,,,,,,,,,,,,,,,,,,,,,,,,,,,,,,,,,,,,,,,,,,,,,High,High,High,,,,,,v3
70,2/6/2023,3,3,1000036209,Right,T_A,1000051968,Left,T_B,3,Top,2,1,1,1-1,Slider,Slider,StrikeSwinging,Undefined,Undefined,,Undefined,0,0,87.59536,-1.899667,-1.773547,2868.50624,101.13783,9:15,6.04303,1.05383,4.36173,-37.19644,1.56618,-1.52536,1.12725,-0.7679,80.23717,-8.544118,-2.040075,0.448103,,,,,,,,,,,,0.23075,1.65358,-0.86193,50,5.80206,4.00081,-126.81666,-5.80005,0.37438,26.81354,-29.49092,84.11553,,7.35819,,,,1000055344,Right,56.13715,-128.1077,13.40677,6.04714,-4.3801,-14.74546,-1.05412,3.98278,0.18719,,,,,,,,,,,,,,,,,,,,,,,,,,,,,,,,,,,,,,,,,,,,,,,,,,,High,High,High,,,,,,v3
71,2/6/2023,3,4,1000036209,Right,T_A,1000051968,Left,T_B,3,Top,2,1,2,1-2,Slider,Slider,InPlay,Undefined,GroundBall,GroundBall,Single,0,0,87.59617,-0.332043,-1.605992,2830.013506,342.513319,5:30,5.9321,1.13089,4.36755,-41.40723,-2.60492,1.22791,2.16425,-0.30105,79.88385,-7.739513,-1.391453,0.448332,104.63387,6.929319,12.43906,2274.706872,,,,115.69125,115.69125,13.690443,0.843997,-1.07827,-0.85996,-0.96008,50,5.85496,3.49815,-126.88207,-2.52225,-1.74587,27.60566,-33.56647,84.07255,5.46575,7.71231,2.99323,2.34744,0.0315,1000055344,Right,56.1323,-128.20933,13.80283,5.93743,-0.9084,-16.78324,-1.13029,3.58209,-0.87293,329.40902,3.0904,147.18859,-21.05827,,,,,,,2.45943,16.68613,-23.36328,,,,,,,0.01507,33.08849,-0.76694,,,,,,,,,,,,,,,,,,,,,,,,,,,,,High,High,High,Medium,High,,,,v3
72,2/6/2023,4,1,1000036209,Right,T_A,1000187798,Right,T_B,3,Top,2,0,0,0-0,Slider,Slider,StrikeCalled,Undefined,Undefined,,Undefined,0,0,87.69967,-1.506865,-1.513565,2660.019831,89.261684,9:00,5.94004,1.10579,4.64429,-36.88392,1.09575,-4.43394,1.43364,-0.70231,80.83917,-8.119608,-2.292202,0.443555,,,,,,,,,,,,1.77606,1.25764,-0.94658,50,5.75194,3.56851,-127.17719,-4.87936,2.91777,25.33151,-30.10796,84.97813,,6.8605,,,,1000055344,Right,55.85583,-128.33827,12.66575,5.94396,-3.49935,-15.05398,-1.10708,3.43478,1.45888,,,,,,,,,,,,,,,,,,,,,,,,,,,,,,,,,,,,,,,,,,,,,,,,,,,High,High,High,,,,,,v3
73,2/6/2023,4,2,1000036209,Right,T_A,1000187798,Right,T_B,3,Top,2,0,1,0-1,Slider,Slider,BallCalled,Undefined,Undefined,,Undefined,0,0,86.6445,-2.480132,-2.365661,2712.088523,179.938596,12:00,6.00408,0.96734,4.53321,-34.76352,4.93162,-0.00374,0.74206,-1.28683,78.85529,-8.7325,-2.366325,0.453461,,,,,,,,,,,,-0.72866,3.55918,-0.72056,50,5.71261,5.17488,-125.25876,-6.85,-1.14544,27.79721,-26.57911,83.12167,,7.7892,,,,1000055344,Right,55.96412,-126.57539,13.89861,6.00725,-5.59106,-13.28956,-0.96695,5.22913,-0.57272,,,,,,,,,,,,,,,,,,,,,,,,,,,,,,,,,,,,,,,,,,,,,,,,,,,High,High,High,,,,,,v3
74,2/6/2023,4,3,1000036209,Right,T_A,1000187798,Right,T_B,3,Top,2,1,1,1-1,Fastball,Four-Seam,BallCalled,Undefined,Undefined,,Undefined,0,0,90.26535,-1.141555,-0.152306,2529.019306,198.048095,12:30,6.18803,0.89831,5.14087,-17.66836,17.66981,5.38272,3.64065,1.20346,82.25314,-4.455616,0.800473,0.427852,,,,,,,,,,,,-2.71788,9.45713,-0.88837,50,6.06804,0.0948,-130.92826,-3.2116,-4.70921,28.11283,-15.78802,88.09693,,8.0122,,,,1000055344,Right,55.3562,-132.07333,14.05641,6.18576,-2.56853,-7.89401,-0.89614,0.28661,-2.3546,,,,,,,,,,,,,,,,,,,,,,,,,,,,,,,,,,,,,,,,,,,,,,,,,,,High,High,High,,,,,,v3
75,2/6/2023,4,4,1000036209,Right,T_A,1000187798,Right,T_B,3,Top,2,2,1,2-1,Slider,Slider,InPlay,Undefined,GroundBall,GroundBall,Out,1,0,85.59053,-0.733283,-0.970529,2741.401629,175.497328,11:45,5.9659,1.14225,4.68911,-36.28057,3.04292,-0.15598,2.24615,0.20767,79.61864,-7.245268,-0.99794,0.451333,91.57633,-10.666107,-31.676686,,,,,14.15044,14.15044,-25.669499,0.089702,-0.15177,1.92288,-1.04355,50,5.85839,2.11366,-124.35989,-3.04269,-0.24118,21.52094,-29.1187,83.51353,2.23363,5.97188,2.6611,2.23363,0.09809,1000055344,Right,55.81307,-125.36183,10.76047,5.96849,-1.68703,-14.55935,-1.14221,2.12489,-0.12059,180,2.6584,112.51474,,,,,,,,2.23423,-24.90051,,,,,,,,0.09976,-69.42729,,,,,,,,,,,,,,,,,,,,,,,,,,,,,,High,High,High,Low,Low,,,,v3
